uniprot_accession	pdb_id	GENE	PROTEIN	paste(MOD_RSD, collapse = ",")
O00267	2do3	SUPT5H	SPT5	T791,S666,T775
O00267	2e6z	SUPT5H	SPT5	T791,S666,T775
O00267	2e70	SUPT5H	SPT5	T791,S666,T775
O00267	6eqy	SUPT5H	SPT5	T791,S666,T775
O00267	6er0	SUPT5H	SPT5	T791,S666,T775
O00418	5j8h	EEF2K	EEF2K	S359
O00418	5ks5	EEF2K	EEF2K	S359
O00418	6nx4	EEF2K	EEF2K	S359
O14497	1ryu	ARID1A	ARID1A	S363
O14686	6o7g	KMT2D	MLL4	T5374
O14745	2jxo	SLC9A3R1	NHERF	S302,S280
O14745	2kjd	SLC9A3R1	NHERF	S302,S280
O14745	2krg	SLC9A3R1	NHERF	S302,S280
O14745	2m0t	SLC9A3R1	NHERF	S302,S280
O14745	2m0u	SLC9A3R1	NHERF	S302,S280
O14745	2m0v	SLC9A3R1	NHERF	S302,S280
O14980	2l1l	XPO1	Exportin-1	S391
O15151	2cr8	MDM4	MDM4	S96
O15151	2mwy	MDM4	MDM4	S96
O15151	2n06	MDM4	MDM4	S96
O15151	2n0u	MDM4	MDM4	S96
O15151	2n0w	MDM4	MDM4	S96
O15151	2n14	MDM4	MDM4	S96
O15350	1cok	TP73	p73	T86
O15350	2kby	TP73	p73	T86
O15350	2mps	TP73	p73	T86
O15350	2nb1	TP73	p73	T86
O15350	6fgs	TP73	p73	T86
O15350	6ijq	TP73	p73	T86
O15392	1xox	BIRC5	Survivin	T34
O43395	1x4q	PRPF3	PRPF3	T167
O43521-2	1f95	BCL2L11	BIM iso2	S44
O43521-2	2k7w	BCL2L11	BIM iso2	S44
O43683	2lah	BUB1	BUB1	S593,T609
O60331	2g35	PIP5K1C	PIP5K1C	S650
O75533	2fho	SF3B1	SF3B1	T244,T313,T211,T426,T354,T248,T142
O94761	2kmu	RECQL4	RECQL4	S89,S251
P00533	1z9i	EGFR	EGFR	S1026
P00533	2ks1	EGFR	EGFR	S1026
P00533	2m0b	EGFR	EGFR	S1026
P00533	2m20	EGFR	EGFR	S1026
P00533	2n5s	EGFR	EGFR	S1026
P00533	5lv6	EGFR	EGFR	S1026
P02545	1ivt	LMNA	lamin A/C	T19,S390,S22,S392
P03372	1hcp	ESR1	ER-alpha	S104,S118,S106,S294,S341
P03372	2llo	ESR1	ER-alpha	S104,S118,S106,S294,S341
P03372	2llq	ESR1	ER-alpha	S104,S118,S106,S294,S341
P03372	5t0x	ESR1	ER-alpha	S104,S118,S106,S294,S341
P04637	1a1u	TP53	p53	S315
P04637	1dt7	TP53	p53	S315
P04637	1hs5	TP53	p53	S315
P04637	1jsp	TP53	p53	S315
P04637	1olg	TP53	p53	S315
P04637	1olh	TP53	p53	S315
P04637	1pes	TP53	p53	S315
P04637	1pet	TP53	p53	S315
P04637	1sae	TP53	p53	S315
P04637	1saf	TP53	p53	S315
P04637	1sak	TP53	p53	S315
P04637	1sal	TP53	p53	S315
P04637	2fej	TP53	p53	S315
P04637	2gs0	TP53	p53	S315
P04637	2j0z	TP53	p53	S315
P04637	2j10	TP53	p53	S315
P04637	2j11	TP53	p53	S315
P04637	2k8f	TP53	p53	S315
P04637	2l14	TP53	p53	S315
P04637	2ly4	TP53	p53	S315
P04637	2mej	TP53	p53	S315
P04637	2mwo	TP53	p53	S315
P04637	2mwp	TP53	p53	S315
P04637	2mwy	TP53	p53	S315
P04637	2mzd	TP53	p53	S315
P04637	2ruk	TP53	p53	S315
P04637	3sak	TP53	p53	S315
P04637	5hou	TP53	p53	S315
P04637	5hp0	TP53	p53	S315
P04637	5hpd	TP53	p53	S315
P05067	1amb	APP	APP	T743
P05067	1amc	APP	APP	T743
P05067	1aml	APP	APP	T743
P05067	1ba4	APP	APP	T743
P05067	1ba6	APP	APP	T743
P05067	1bjb	APP	APP	T743
P05067	1bjc	APP	APP	T743
P05067	1hz3	APP	APP	T743
P05067	1iyt	APP	APP	T743
P05067	1owt	APP	APP	T743
P05067	1qcm	APP	APP	T743
P05067	1qwp	APP	APP	T743
P05067	1qxc	APP	APP	T743
P05067	1qyt	APP	APP	T743
P05067	1tkn	APP	APP	T743
P05067	1z0q	APP	APP	T743
P05067	1ze7	APP	APP	T743
P05067	1ze9	APP	APP	T743
P05067	2beg	APP	APP	T743
P05067	2bp4	APP	APP	T743
P05067	2lfm	APP	APP	T743
P05067	2llm	APP	APP	T743
P05067	2loh	APP	APP	T743
P05067	2lp1	APP	APP	T743
P05067	2lz3	APP	APP	T743
P05067	2lz4	APP	APP	T743
P05067	2m9r	APP	APP	T743
P05067	2m9s	APP	APP	T743
P05067	2mgt	APP	APP	T743
P05067	2mj1	APP	APP	T743
P05067	2nao	APP	APP	T743
P05067	2otk	APP	APP	T743
P05067	5lfy	APP	APP	T743
P05067	6rhy	APP	APP	T743
P05412	1jun	JUN	Jun	S73,S63
P06748	2llh	NPM1	NPM1	T234,T237,S70,T199,T219
P06748	2vxd	NPM1	NPM1	T234,T237,S70,T199,T219
P08047	1sp1	SP1	SP1	T739
P08047	1sp2	SP1	SP1	T739
P08047	1va1	SP1	SP1	T739
P08047	1va2	SP1	SP1	T739
P08047	1va3	SP1	SP1	T739
P08621	2l5i	SNRNP70	snRNP 70	S226
P08621	2l5j	SNRNP70	snRNP 70	S226
P10415	1g5m	BCL2	Bcl-2	T56
P10415	1gjh	BCL2	Bcl-2	T56
P10415	1ysw	BCL2	Bcl-2	T56
P10415	2o21	BCL2	Bcl-2	T56
P10415	2o22	BCL2	Bcl-2	T56
P10415	2o2f	BCL2	Bcl-2	T56
P10636-8	1i8h	MAPT	Tau iso8	T231,S235,T212,T205,S404,T153,S202
P10636-8	2mz7	MAPT	Tau iso8	T231,S235,T212,T205,S404,T153,S202
P10636-8	5n5a	MAPT	Tau iso8	T231,S235,T212,T205,S404,T153,S202
P10636-8	5n5b	MAPT	Tau iso8	T231,S235,T212,T205,S404,T153,S202
P10636-8	5nvb	MAPT	Tau iso8	T231,S235,T212,T205,S404,T153,S202
P11171-2	2rq1	EPB41	EPB41 iso2	S679,T60
P12272	1bzg	PTHLH	PTHrP	T121
P12956	1jjr	XRCC6	Ku70	T455
P13051	1dpu	UNG	UNG	T60,S12,S23,S64
P15336	1bhi	ATF2	ATF-2	T116
P15923	2mh0	TCF3	E2A	S245,S139
P15927	1dpu	RPA2	RFA2	S33,S29,S23
P15927	1z1d	RPA2	RFA2	S33,S29,S23
P16220	2lxt	CREB1	CREB	S270,S271
P17096	2ezd	HMGA1	HMGA1	T78,T53,S36
P17096	2eze	HMGA1	HMGA1	T78,T53,S36
P17096	2ezf	HMGA1	HMGA1	T78,T53,S36
P17096	2ezg	HMGA1	HMGA1	T78,T53,S36
P17096-2	2ezd	HMGA1	HMGA1 iso2	T42
P17096-2	2eze	HMGA1	HMGA1 iso2	T42
P17096-2	2ezf	HMGA1	HMGA1 iso2	T42
P17096-2	2ezg	HMGA1	HMGA1 iso2	T42
P19338	2fc8	NCL	NCL	T121,T707,T641,T76
P19338	2fc9	NCL	NCL	T121,T707,T641,T76
P19338	2krr	NCL	NCL	T121,T707,T641,T76
P20700	2kpw	LMNB1	Lamin B1	S393,S23
P21333	2aav	FLNA	FLNA	S1630,S1436,S1533,S1459,S1084
P21333	2k3t	FLNA	FLNA	S1630,S1436,S1533,S1459,S1084
P21333	2k7p	FLNA	FLNA	S1630,S1436,S1533,S1459,S1084
P21333	2k7q	FLNA	FLNA	S1630,S1436,S1533,S1459,S1084
P21333	2mtp	FLNA	FLNA	S1630,S1436,S1533,S1459,S1084
P21333	5xr1	FLNA	FLNA	S1630,S1436,S1533,S1459,S1084
P23396	1wh9	RPS3	RPS3	T221
P23769	5o9b	GATA2	GATA2	T176
P24928	2lto	POLR2A	POLR2A	S1934,S1920
P25054	2rqu	APC	APC	S1360
P25098	1bak	GRK2	GRK2	S670
P26368	1o0p	U2AF2	U2AF2	S79
P26368	1opi	U2AF2	U2AF2	S79
P26368	1u2f	U2AF2	U2AF2	S79
P26368	2m0g	U2AF2	U2AF2	S79
P26368	2u2f	U2AF2	U2AF2	S79
P26368	2yh0	U2AF2	U2AF2	S79
P26368	2yh1	U2AF2	U2AF2	S79
P29374	2lcc	ARID4A	RbBP1	S1145,S1140,S864,S1007,T1124
P29374	2mam	ARID4A	RbBP1	S1145,S1140,S864,S1007,T1124
P29374	2yrv	ARID4A	RbBP1	S1145,S1140,S864,S1007,T1124
P29590	1bor	PML	PML	S518
P29590	2mvw	PML	PML	S518
P29590	2mwx	PML	PML	S518
P29692	2mvm	EEF1D	EEF1D	S133
P29692	2mvn	EEF1D	EEF1D	S133
P29692	2n51	EEF1D	EEF1D	S133
P30101	2alb	PDIA3	GRP58	S456
P30101	2dmm	PDIA3	GRP58	S456
P31943	2lxu	HNRNPH1	hnRNP H1	S104
P35251	2ebu	RFC1	RFC1	T506,S518
P35251	2k6g	RFC1	RFC1	T506,S518
P35251	2k7f	RFC1	RFC1	T506,S518
P38398	1jm7	BRCA1	BRCA1	S1191,S1189,S1497
P38398	1oqa	BRCA1	BRCA1	S1191,S1189,S1497
P38936	6cej	CDKN1A	p21Cip1	S130
P38936	6civ	CDKN1A	p21Cip1	S130
P38936	6cix	CDKN1A	p21Cip1	S130
P42166	1gjj	TMPO	TMPO iso6	S424
P42166	1h9e	TMPO	TMPO iso6	S424
P42166	1h9f	TMPO	TMPO iso6	S424
P46013	1r21	MKI67	KI-67	T1943,S357,T761
P46013	2aff	MKI67	KI-67	T1943,S357,T761
P46531	1pb5	NOTCH1	Notch 1	T2511,S2513
P46531	1toz	NOTCH1	Notch 1	T2511,S2513
P46531	5kzo	NOTCH1	Notch 1	T2511,S2513
P46937	1jmq	YAP1	YAP1	T119,S289,S367,T143,S138
P46937	1k5r	YAP1	YAP1	T119,S289,S367,T143,S138
P46937	1k9q	YAP1	YAP1	T119,S289,S367,T143,S138
P46937	1k9r	YAP1	YAP1	T119,S289,S367,T143,S138
P46937	2law	YAP1	YAP1	T119,S289,S367,T143,S138
P46937	2lax	YAP1	YAP1	T119,S289,S367,T143,S138
P46937	2lay	YAP1	YAP1	T119,S289,S367,T143,S138
P46937	2ltv	YAP1	YAP1	T119,S289,S367,T143,S138
P46937	2ltw	YAP1	YAP1	T119,S289,S367,T143,S138
P46937	5ydx	YAP1	YAP1	T119,S289,S367,T143,S138
P46937	5ydy	YAP1	YAP1	T119,S289,S367,T143,S138
P49792	1xke	RANBP2	RANBP2	T2153,S2280,S2251,S2246,S2276
P49792	2las	RANBP2	RANBP2	T2153,S2280,S2251,S2246,S2276
P49916	1imo	LIG3	LIG3	T191,S913,S210
P49916	1in1	LIG3	LIG3	T191,S913,S210
P49916	1uw0	LIG3	LIG3	T191,S913,S210
P50570	2ys1	DNM2	DYN2	T766,S764
P54132	2kv2	BLM	BLM	T766,S714,S175
P54132	2mh9	BLM	BLM	T766,S714,S175
P54132	2rrd	BLM	BLM	T766,S714,S175
P54274	1ba5	TERF1	TRF1	T344,T371
P54274	1ity	TERF1	TRF1	T344,T371
P54274	1iv6	TERF1	TRF1	T344,T371
P55196	1t2m	AFDN	Afadin	T1352
P55196	1xz9	AFDN	Afadin	T1352
P55196	2ain	AFDN	Afadin	T1352
P55196	2exg	AFDN	Afadin	T1352
P55795	1wez	HNRNPH2	hnRNP H2	S104
P55795	1wg5	HNRNPH2	hnRNP H2	S104
P55795	6dg1	HNRNPH2	hnRNP H2	S104
P61978	1j5k	HNRNPK	hnRNP K	S216,S284
P61978	1khm	HNRNPK	hnRNP K	S216,S284
P63279	2px9	UBE2I	UBC9	S71
P78317	2ea6	RNF4	RNF4	T26,T112
P84022	2laj	SMAD3	SMAD3	S213,T8,T179
P84022	2lb2	SMAD3	SMAD3	S213,T8,T179
P98170	1c9q	XIAP	XIAP	S40
P98170	1f9x	XIAP	XIAP	S40
P98170	1g3f	XIAP	XIAP	S40
P98170	1tfq	XIAP	XIAP	S40
P98170	1tft	XIAP	XIAP	S40
P98170	2ecg	XIAP	XIAP	S40
P98170	2kna	XIAP	XIAP	S40
Q01167	1jxs	FOXK2	FOXK2	S373,S428
Q01196-8	1cmo	RUNX1	AML1 iso8	S303,S293,S48,S424,S276,T300
Q01196-8	1co1	RUNX1	AML1 iso8	S303,S293,S48,S424,S276,T300
Q02535	2lfh	ID3	ID3	S5
Q03252	2lll	LMNB2	Lamin B2	S37
Q05209	5o2p	PTPN12	PTP-PEST	S19
Q07820	2kbw	MCL1	MCL1	T163,S121,S64,T92,T70
Q07820	2mhs	MCL1	MCL1	T163,S121,S64,T92,T70
Q07820	6ovc	MCL1	MCL1	T163,S121,S64,T92,T70
Q12778	6qvw	FOXO1	FOXO1A	S298,S249
Q12888	2lvm	TP53BP1	53BP1	S1678,T1609
Q12888	2mwo	TP53BP1	53BP1	S1678,T1609
Q12888	2mwp	TP53BP1	53BP1	S1678,T1609
Q12959	2m3m	DLG1	DLG1	S158,S443
Q12959	2oqs	DLG1	DLG1	S158,S443
Q13049	2ct2	TRIM32	TRIM32	S335,S328,S339
Q13118	2epa	KLF10	KLF10	S206
Q13501	1q02	SQSTM1	SQSTM1	S272,T269
Q13501	2jy7	SQSTM1	SQSTM1	S272,T269
Q13501	2jy8	SQSTM1	SQSTM1	S272,T269
Q13501	2k0b	SQSTM1	SQSTM1	S272,T269
Q13501	2knv	SQSTM1	SQSTM1	S272,T269
Q13586	2k60	STIM1	STIM1	S668
Q13586	2maj	STIM1	STIM1	S668
Q13586	2mak	STIM1	STIM1	S668
Q14005	1i16	IL16	IL16	T757
Q14005	1x6d	IL16	IL16	T757
Q14103	1hd0	HNRNPD	hnRNP D0	T193
Q14103	1hd1	HNRNPD	hnRNP D0	T193
Q14103	1iqt	HNRNPD	hnRNP D0	T193
Q14103	1wtb	HNRNPD	hnRNP D0	T193
Q14103	1x0f	HNRNPD	hnRNP D0	T193
Q14191	2axl	WRN	WRN	S1133
Q14191	2dgz	WRN	WRN	S1133
Q14203	2coy	DCTN1	dynactin 1	S212
Q14247	1x69	CTTN	Cortactin	S405
Q14493	2kjm	SLBP	SLBP	T62
Q14739	2dig	LBR	LBR	S71
Q14790	2k7z	CASP8	CASP8	S387
Q14807	2edu	KIF22	KIF22	S427,T463
Q14934	2yrp	NFATC4	NFAT3	S259
Q15554	1vf9	TERF2	TRF2	S365
Q15554	1vfc	TERF2	TRF2	S365
Q15554	1xg1	TERF2	TRF2	S365
Q15717	5szw	ELAVL1	HuR	S202
Q16513	6gbe	PKN2	PKN2	S535
Q16665	1l3e	HIF1A	HIF1A	S668
Q16665	1l8c	HIF1A	HIF1A	S668
Q53GL7	2dhx	PARP10	PARP10	T101
Q5TB30	2ysr	DEPDC1	DEPDC1	S110
Q8IZD2	2lv9	KMT2E	MLL5	T912
Q8NFH8	1iq3	REPS2	REPS2	S463
Q8WX93	2dm2	PALLD	palladin	S766,S641
Q8WX93	2dm3	PALLD	palladin	S766,S641
Q92547	1wf6	TOPBP1	TOPBP1	T848
Q92934	1g5j	BAD	BAD	S91
Q92993	2eko	KAT5	Tip60	S86,S90
Q969V6	2kvu	MRTFA	MKL1	T573
Q969V6	2kw9	MRTFA	MKL1	T573
Q96RL1	2mkf	UIMC1	RAP80	S677
Q96RL1	2mkg	UIMC1	RAP80	S677
Q96RL1	2n9e	UIMC1	RAP80	S677
Q96RL1	2rr9	UIMC1	RAP80	S677
Q96T88	2l3r	UHRF1	UHRF1	S639,S661
Q96T88	2lgg	UHRF1	UHRF1	S639,S661
Q96T88	2lgk	UHRF1	UHRF1	S639,S661
Q96T88	2lgl	UHRF1	UHRF1	S639,S661
Q96T88	5iay	UHRF1	UHRF1	S639,S661,S639,S661
Q96T88-2	2l3r	UHRF1	UHRF1 iso2	S674
Q96T88-2	2lgg	UHRF1	UHRF1 iso2	S674
Q96T88-2	2lgk	UHRF1	UHRF1 iso2	S674
Q96T88-2	2lgl	UHRF1	UHRF1 iso2	S674
Q96T88-2	5iay	UHRF1	UHRF1 iso2	S674,S674
Q99708	2l4z	RBBP8	CtIP	T847,T315
Q99728	1jm7	BARD1	BARD1	S288,S251,T299,S148
Q9BYG3	2aff	NIFK	NIFK	T238
Q9H211	2le8	CDT1	CDT1	S31,T29
Q9H3D4	1rg6	TP63	p63	T491
Q9H3D4	2nb1	TP63	p63	T491
Q9H3D4	2rmn	TP63	p63	T491
Q9H3D4	2y9t	TP63	p63	T491
Q9H3D4	6fgn	TP63	p63	T491
Q9H9S0	2kt0	NANOG	NANOG	S65,S71
Q9NP87	2dun	POLM	POLM	S372
Q9NP87	2htf	POLM	POLM	S372
Q9NS91	2mre	RAD18	RAD18	S99
Q9NS91	2mrf	RAD18	RAD18	S99
Q9NS91	5vf0	RAD18	RAD18	S99
Q9NYB0	1fex	TERF2IP	TERF2IP	S203
Q9UBF8	2n73	PI4KB	PIK4CB	S266
Q9UGP5	1nzp	POLL	POLL	S167,S230,T553,S177
Q9UGP5	2jw5	POLL	POLL	S167,S230,T553,S177
Q9UIF9	5agq	BAZ2A	BMZF-2	S509
Q9UKM9	1wf1	RALY	RALY	S135
Q9UKX7	2ec1	NUP50	NUP50	S221
Q9UKY1	2ecb	ZHX1	ZHX1	T568
Q9UKY1	2ghf	ZHX1	ZHX1	T568
Q9UKY1	2ly9	ZHX1	ZHX1	T568
Q9UNZ2	1ss6	NSFL1C	NSFL1C	S140
Q9UQR0	2mem	SCML2	SCML2	T305,S511,S590
Q9Y253	2i5o	POLH	POLH	S687
Q9Y253	2lsk	POLH	POLH	S687
Q9Y3Z3	2e8o	SAMHD1	SAMHD1	T592
Q9Y5T5	2i50	USP16	USP16	S552
Q9Y6I3	1inz	EPN1	epsin 1	S382
Q9Y6Q9	1kbh	NCOA3	SRC-3	S728,S867
Q9Y6Q9	6es7	NCOA3	SRC-3	S728,S867
