uniprot_accession	pdb_id	GENE	PROTEIN	CDK phosphosite	phosphosites covered	regions covered (canonical)
O00267	2do3	SUPT5H	SPT5	T791,S666,T775	NA	462-523
O00267	2e6z	SUPT5H	SPT5	T791,S666,T775	NA	420-471
O00267	2e70	SUPT5H	SPT5	T791,S666,T775	NA	694-757
O00267	6eqy	SUPT5H	SPT5	T791,S666,T775	NA	522-647
O00267	6er0	SUPT5H	SPT5	T791,S666,T775	NA	961-1087
O00418	5j8h	EEF2K	EEF2K	S359	NA	74-100
O00418	5ks5	EEF2K	EEF2K	S359	NA	627-725
O00418	6nx4	EEF2K	EEF2K	S359	NA	562-725
O14497	1ryu	ARID1A	ARID1A	S363	NA	1000-1119
O14686	6o7g	KMT2D	MLL4	T5374	NA	1503-1562
O14745	2jxo	SLC9A3R1	NHERF	S302,S280	NA	150-240
O14745	2kjd	SLC9A3R1	NHERF	S302,S280	NA	150-270
O14745	2krg	SLC9A3R1	NHERF	S302,S280	S302,S280	150-358
O14745	2m0t	SLC9A3R1	NHERF	S302,S280	NA	11-120
O14745	2m0u	SLC9A3R1	NHERF	S302,S280	NA	11-120
O14745	2m0v	SLC9A3R1	NHERF	S302,S280	NA	150-270
O14980	2l1l	XPO1	Exportin-1	S391	NA	504-630
O15151	2cr8	MDM4	MDM4	S96	NA	299-339
O15151	2mwy	MDM4	MDM4	S96	S96	23-111
O15151	2n06	MDM4	MDM4	S96	S96	23-111
O15151	2n0u	MDM4	MDM4	S96	S96	23-111
O15151	2n0w	MDM4	MDM4	S96	S96	23-111
O15151	2n14	MDM4	MDM4	S96	S96	23-111
O15350	1cok	TP73	p73	T86	NA	487-554
O15350	2kby	TP73	p73	T86	NA	351-398
O15350	2mps	TP73	p73	T86	NA	10-25
O15350	2nb1	TP73	p73	T86	NA	351-398
O15350	6fgs	TP73	p73	T86	NA	10-31
O15350	6ijq	TP73	p73	T86	NA	10-25
O15392	1xox	BIRC5	Survivin	T34	T34	1-117
O43395	1x4q	PRPF3	PRPF3	T167	NA	1-79
O43521-2	1f95	BCL2L11	BIM iso2	S44	NA	48-56(108-116)
O43521-2	2k7w	BCL2L11	BIM iso2	S44	NA	85-104(145-164)
O43683	2lah	BUB1	BUB1	S593,T609	NA	1-150
O60331	2g35	PIP5K1C	PIP5K1C	S650	S650	646-653
O75533	2fho	SF3B1	SF3B1	T244,T313,T211,T426,T354,T248,T142	NA	379-424
O94761	2kmu	RECQL4	RECQL4	S89,S251	NA	1-54
P00533	1z9i	EGFR	EGFR	S1026	NA	669-721
P00533	2ks1	EGFR	EGFR	S1026	NA	634-677
P00533	2m0b	EGFR	EGFR	S1026	NA	634-677
P00533	2m20	EGFR	EGFR	S1026	NA	642-697
P00533	2n5s	EGFR	EGFR	S1026	NA	642-690
P00533	5lv6	EGFR	EGFR	S1026	NA	634-677
P02545	1ivt	LMNA	lamin A/C	T19,S390,S22,S392	NA	428-549
P03372	1hcp	ESR1	ER-alpha	S104,S118,S106,S294,S341	NA	180-254
P03372	2llo	ESR1	ER-alpha	S104,S118,S106,S294,S341	S294	287-305
P03372	2llq	ESR1	ER-alpha	S104,S118,S106,S294,S341	S294	287-305
P03372	5t0x	ESR1	ER-alpha	S104,S118,S106,S294,S341	S294	287-305
P04637	1a1u	TP53	p53	S315	NA	324-358
P04637	1dt7	TP53	p53	S315	NA	367-388
P04637	1hs5	TP53	p53	S315	NA	324-357
P04637	1jsp	TP53	p53	S315	NA	367-386
P04637	1olg	TP53	p53	S315	NA	319-360
P04637	1olh	TP53	p53	S315	NA	319-360
P04637	1pes	TP53	p53	S315	NA	325-355
P04637	1pet	TP53	p53	S315	NA	325-355
P04637	1sae	TP53	p53	S315	NA	319-360
P04637	1saf	TP53	p53	S315	NA	319-360
P04637	1sak	TP53	p53	S315	NA	319-360
P04637	1sal	TP53	p53	S315	NA	319-360
P04637	2fej	TP53	p53	S315	NA	94-297
P04637	2gs0	TP53	p53	S315	NA	20-73
P04637	2j0z	TP53	p53	S315	NA	326-356
P04637	2j10	TP53	p53	S315	NA	326-356
P04637	2j11	TP53	p53	S315	NA	326-356
P04637	2k8f	TP53	p53	S315	NA	1-39
P04637	2l14	TP53	p53	S315	NA	13-61
P04637	2ly4	TP53	p53	S315	NA	1-93
P04637	2mej	TP53	p53	S315	NA	96-312
P04637	2mwo	TP53	p53	S315	NA	363-377
P04637	2mwp	TP53	p53	S315	NA	376-387
P04637	2mwy	TP53	p53	S315	NA	15-29
P04637	2mzd	TP53	p53	S315	NA	35-59
P04637	2ruk	TP53	p53	S315	NA	41-62
P04637	3sak	TP53	p53	S315	NA	319-360
P04637	5hou	TP53	p53	S315	NA	1-61
P04637	5hp0	TP53	p53	S315	NA	37-61
P04637	5hpd	TP53	p53	S315	NA	2-61
P05067	1amb	APP	APP	T743	NA	672-699
P05067	1amc	APP	APP	T743	NA	672-699
P05067	1aml	APP	APP	T743	NA	672-711
P05067	1ba4	APP	APP	T743	NA	672-711
P05067	1ba6	APP	APP	T743	NA	672-711
P05067	1bjb	APP	APP	T743	NA	672-699
P05067	1bjc	APP	APP	T743	NA	672-699
P05067	1hz3	APP	APP	T743	NA	681-706
P05067	1iyt	APP	APP	T743	NA	672-713
P05067	1owt	APP	APP	T743	NA	124-189
P05067	1qcm	APP	APP	T743	NA	696-706
P05067	1qwp	APP	APP	T743	NA	696-706
P05067	1qxc	APP	APP	T743	NA	696-706
P05067	1qyt	APP	APP	T743	NA	696-706
P05067	1tkn	APP	APP	T743	NA	696-706
P05067	1z0q	APP	APP	T743	NA	672-713
P05067	1ze7	APP	APP	T743	NA	672-687
P05067	1ze9	APP	APP	T743	NA	672-687
P05067	2beg	APP	APP	T743	NA	672-713
P05067	2bp4	APP	APP	T743		
P05067	2lfm	APP	APP	T743		
P05067	2llm	APP	APP	T743		
P05067	2loh	APP	APP	T743		
P05067	2lp1	APP	APP	T743		
P05067	2lz3	APP	APP	T743		
P05067	2lz4	APP	APP	T743		
P05067	2m9r	APP	APP	T743		
P05067	2m9s	APP	APP	T743		
P05067	2mgt	APP	APP	T743		
P05067	2mj1	APP	APP	T743		
P05067	2nao	APP	APP	T743		
P05067	2otk	APP	APP	T743		
P05067	5lfy	APP	APP	T743		
P05067	6rhy	APP	APP	T743		
P05412	1jun	JUN	Jun	S73,S63	NA	276-315
P06748	2llh	NPM1	NPM1	T234,T237,S70,T199,T219	T234,T237	225-294
P06748	2vxd	NPM1	NPM1	T234,T237,S70,T199,T219	NA	243-294
P08047	1sp1	SP1	SP1	T739	NA	684-712
P08047	1sp2	SP1	SP1	T739	NA	654-684
P08047	1va1	SP1	SP1	T739	NA	619-654
P08047	1va2	SP1	SP1	T739	NA	654-684
P08047	1va3	SP1	SP1	T739	NA	684-712
P08621	2l5i	SNRNP70	snRNP 70	S226	NA	131-151
P08621	2l5j	SNRNP70	snRNP 70	S226	NA	131-151
P10415	1g5m	BCL2	Bcl-2	T56	T56	1-207
P10415	1gjh	BCL2	Bcl-2	T56	T56	1-207
P10415	1ysw	BCL2	Bcl-2	T56	T56	3-33, 92-207
P10415	2o21	BCL2	Bcl-2	T56	T56	3-207
P10415	2o22	BCL2	Bcl-2	T56	T56	3-207
P10415	2o2f	BCL2	Bcl-2	T56	T56	8-204
P10636-8	1i8h	MAPT	Tau iso8	T231,S235,T212,T205,S404,T153,S202	T231,S235	225-237(542-554)
P10636-8	2mz7	MAPT	Tau iso8	T231,S235,T212,T205,S404,T153,S202	NA	267-312(584-629)
P10636-8	5n5a	MAPT	Tau iso8	T231,S235,T212,T205,S404,T153,S202	NA	254-290(571-607)
P10636-8	5n5b	MAPT	Tau iso8	T231,S235,T212,T205,S404,T153,S202	NA	292-319(609-636)
P10636-8	5nvb	MAPT	Tau iso8	T231,S235,T212,T205,S404,T153,S202	NA	254-268(571-585)
P11171-2	2rq1	EPB41	EPB41 iso2	S679,T60	NA	292-396(292-396)
P12272	1bzg	PTHLH	PTHrP	T121	NA	37-70
P12956	1jjr	XRCC6	Ku70	T455	NA	535-609
P13051	1dpu	UNG	UNG	T60,S12,S23,S64	NA	73-88
P15336	1bhi	ATF2	ATF-2	T116	NA	19-56
P15923	2mh0	TCF3	E2A	S245,S139	NA	1-37
P15927	1dpu	RPA2	RFA2	S33,S29,S23	NA	172-270
P15927	1z1d	RPA2	RFA2	S33,S29,S23	NA	172-270
P16220	2lxt	CREB1	CREB	S270,S271	NA	116-149
P17096	2ezd	HMGA1	HMGA1	T78,T53,S36	T53	51-75
P17096	2eze	HMGA1	HMGA1	T78,T53,S36	T53	51-75
P17096	2ezf	HMGA1	HMGA1	T78,T53,S36	NA	80-89
P17096	2ezg	HMGA1	HMGA1	T78,T53,S36	NA	80-89
P17096-2	2ezd	HMGA1	HMGA1 iso2	T42	T42	40-64(51-75)
P17096-2	2eze	HMGA1	HMGA1 iso2	T42	T42	40-64(51-75)
P17096-2	2ezf	HMGA1	HMGA1 iso2	T42	NA	69-78(80-89)
P17096-2	2ezg	HMGA1	HMGA1 iso2	T42	NA	69-78(80-89)
P19338	2fc8	NCL	NCL	T121,T707,T641,T76	T641	564-652
P19338	2fc9	NCL	NCL	T121,T707,T641,T76	NA	478-565
P19338	2krr	NCL	NCL	T121,T707,T641,T76	NA	300-466, 467-468
P20700	2kpw	LMNB1	Lamin B1	S393,S23	NA	439-549
P21333	2aav	FLNA	FLNA	S1630,S1436,S1533,S1459,S1084	NA	1863-1956
P21333	2k3t	FLNA	FLNA	S1630,S1436,S1533,S1459,S1084	NA	2427-2522
P21333	2k7p	FLNA	FLNA	S1630,S1436,S1533,S1459,S1084	NA	1772-1956
P21333	2k7q	FLNA	FLNA	S1630,S1436,S1533,S1459,S1084	NA	1954-2141
P21333	2mtp	FLNA	FLNA	S1630,S1436,S1533,S1459,S1084	NA	2236-2330
P21333	5xr1	FLNA	FLNA	S1630,S1436,S1533,S1459,S1084	NA	2236-2329
P23396	1wh9	RPS3	RPS3	T221	NA	17-95
P23769	5o9b	GATA2	GATA2	T176	NA	340-377
P24928	2lto	POLR2A	POLR2A	S1934,S1920	NA	1804-1816
P25054	2rqu	APC	APC	S1360	NA	1578-1596
P25098	1bak	GRK2	GRK2	S670	S670	555-670
P26368	1o0p	U2AF2	U2AF2	S79	NA	372-475
P26368	1opi	U2AF2	U2AF2	S79	NA	372-475
P26368	1u2f	U2AF2	U2AF2	S79	NA	148-237
P26368	2m0g	U2AF2	U2AF2	S79	NA	372-475
P26368	2u2f	U2AF2	U2AF2	S79	NA	258-342
P26368	2yh0	U2AF2	U2AF2	S79	NA	148-342
P26368	2yh1	U2AF2	U2AF2	S79	NA	148-342
P29374	2lcc	ARID4A	RbBP1	S1145,S1140,S864,S1007,T1124	NA	568-635
P29374	2mam	ARID4A	RbBP1	S1145,S1140,S864,S1007,T1124	NA	4-121
P29374	2yrv	ARID4A	RbBP1	S1145,S1140,S864,S1007,T1124	NA	170-273
P29590	1bor	PML	PML	S518	NA	49-104
P29590	2mvw	PML	PML	S518	NA	120-168
P29590	2mwx	PML	PML	S518	NA	49-104
P29692	2mvm	EEF1D	EEF1D	S133	NA	153-192
P29692	2mvn	EEF1D	EEF1D	S133	NA	153-192
P29692	2n51	EEF1D	EEF1D	S133	NA	153-281
P30101	2alb	PDIA3	GRP58	S456	NA	25-137
P30101	2dmm	PDIA3	GRP58	S456	S456	357-485
P31943	2lxu	HNRNPH1	hnRNP H1	S104	S104	7-111
P35251	2ebu	RFC1	RFC1	T506,S518	NA	392-496
P35251	2k6g	RFC1	RFC1	T506,S518	NA	375-480
P35251	2k7f	RFC1	RFC1	T506,S518	NA	375-480
P38398	1jm7	BRCA1	BRCA1	S1191,S1189,S1497	NA	1-110
P38398	1oqa	BRCA1	BRCA1	S1191,S1189,S1497	NA	1755-1863
P38936	6cej	CDKN1A	p21Cip1	S130	NA	139-152
P38936	6civ	CDKN1A	p21Cip1	S130	NA	139-152
P38936	6cix	CDKN1A	p21Cip1	S130	NA	139-152
P42166	1gjj	TMPO	TMPO iso6	S424	NA	1-168
P42166	1h9e	TMPO	TMPO iso6	S424	NA	2-57
P42166	1h9f	TMPO	TMPO iso6	S424	NA	103-159
P46013	1r21	MKI67	KI-67	T1943,S357,T761	NA	1-120
P46013	2aff	MKI67	KI-67	T1943,S357,T761	NA	1-120
P46531	1pb5	NOTCH1	Notch 1	T2511,S2513	NA	1446-1480
P46531	1toz	NOTCH1	Notch 1	T2511,S2513	NA	411-526
P46531	5kzo	NOTCH1	Notch 1	T2511,S2513	NA	1721-1771
P46937	1jmq	YAP1	YAP1	T119,S289,S367,T143,S138	NA	165-210
P46937	1k5r	YAP1	YAP1	T119,S289,S367,T143,S138	NA	165-204
P46937	1k9q	YAP1	YAP1	T119,S289,S367,T143,S138	NA	165-204
P46937	1k9r	YAP1	YAP1	T119,S289,S367,T143,S138	NA	165-204
P46937	2law	YAP1	YAP1	T119,S289,S367,T143,S138	NA	230-263
P46937	2lax	YAP1	YAP1	T119,S289,S367,T143,S138	NA	170-205
P46937	2lay	YAP1	YAP1	T119,S289,S367,T143,S138	NA	170-205
P46937	2ltv	YAP1	YAP1	T119,S289,S367,T143,S138	NA	230-265
P46937	2ltw	YAP1	YAP1	T119,S289,S367,T143,S138	NA	170-205
P46937	5ydx	YAP1	YAP1	T119,S289,S367,T143,S138	NA	164-218
P46937	5ydy	YAP1	YAP1	T119,S289,S367,T143,S138	NA	229-287
P49792	1xke	RANBP2	RANBP2	T2153,S2280,S2251,S2246,S2276	T2153	2027-2154
P49792	2las	RANBP2	RANBP2	T2153,S2280,S2251,S2246,S2276	NA	2705-2717
P49916	1imo	LIG3	LIG3	T191,S913,S210	NA	924-1009
P49916	1in1	LIG3	LIG3	T191,S913,S210	NA	924-1009
P49916	1uw0	LIG3	LIG3	T191,S913,S210	T191	88-204
P50570	2ys1	DNM2	DYN2	T766,S764	NA	520-625
P54132	2kv2	BLM	BLM	T766,S714,S175	NA	1210-1294
P54132	2mh9	BLM	BLM	T766,S714,S175	NA	1067-1210
P54132	2rrd	BLM	BLM	T766,S714,S175	NA	1200-1295
P54274	1ba5	TERF1	TRF1	T344,T371	NA	378-430
P54274	1ity	TERF1	TRF1	T344,T371	T371	371-439
P54274	1iv6	TERF1	TRF1	T344,T371	T371	370-439
P55196	1t2m	AFDN	Afadin	T1352	NA	1003-1094
P55196	1xz9	AFDN	Afadin	T1352	NA	1001-1096
P55196	2ain	AFDN	Afadin	T1352	NA	1003-1094
P55196	2exg	AFDN	Afadin	T1352	NA	1001-1096
P55795	1wez	HNRNPH2	hnRNP H2	S104	NA	281-369
P55795	1wg5	HNRNPH2	hnRNP H2	S104	S104	103-193
P55795	6dg1	HNRNPH2	hnRNP H2	S104	S104	94-194
P61978	1j5k	HNRNPK	hnRNP K	S216,S284	NA	379-463
P61978	1khm	HNRNPK	hnRNP K	S216,S284	NA	375-463
P63279	2px9	UBE2I	UBC9	S71	S71	1-158
P78317	2ea6	RNF4	RNF4	T26,T112	NA	122-183
P84022	2laj	SMAD3	SMAD3	S213,T8,T179	NA	202-211
P84022	2lb2	SMAD3	SMAD3	S213,T8,T179	T179	178-189
P98170	1c9q	XIAP	XIAP	S40	NA	124-240
P98170	1f9x	XIAP	XIAP	S40	NA	241-356
P98170	1g3f	XIAP	XIAP	S40	NA	241-356
P98170	1tfq	XIAP	XIAP	S40	NA	241-356
P98170	1tft	XIAP	XIAP	S40	NA	241-356
P98170	2ecg	XIAP	XIAP	S40	NA	430-497
P98170	2kna	XIAP	XIAP	S40	NA	357-449
Q01167	1jxs	FOXK2	FOXK2	S373,S428	NA	256-353
Q01196-8	1cmo	RUNX1	AML1 iso8	S303,S293,S48,S424,S276,T300	NA	79-205(52-178)
Q01196-8	1co1	RUNX1	AML1 iso8	S303,S293,S48,S424,S276,T300	NA	88-202(61-175)
Q02535	2lfh	ID3	ID3	S5	NA	29-83
Q03252	2lll	LMNB2	Lamin B2	S37	NA	469-589
Q05209	5o2p	PTPN12	PTP-PEST	S19	NA	328-344
Q07820	2kbw	MCL1	MCL1	T163,S121,S64,T92,T70	NA	328-344
Q07820	2mhs	MCL1	MCL1	T163,S121,S64,T92,T70	NA	171-327
Q07820	6ovc	MCL1	MCL1	T163,S121,S64,T92,T70	NA	171-327
Q12778	6qvw	FOXO1	FOXO1A	S298,S249	S249	159-272
Q12888	2lvm	TP53BP1	53BP1	S1678,T1609	NA	1484-1603
Q12888	2mwo	TP53BP1	53BP1	S1678,T1609	NA	1484-1603
Q12888	2mwp	TP53BP1	53BP1	S1678,T1609	NA	1484-1603
Q12959	2m3m	DLG1	DLG1	S158,S443	NA	318-406
Q12959	2oqs	DLG1	DLG1	S158,S443	NA	318-406
Q13049	2ct2	TRIM32	TRIM32	S335,S328,S339	NA	10-84
Q13118	2epa	KLF10	KLF10	S206	NA	359-423
Q13501	1q02	SQSTM1	SQSTM1	S272,T269	NA	387-436
Q13501	2jy7	SQSTM1	SQSTM1	S272,T269	NA	387-436
Q13501	2jy8	SQSTM1	SQSTM1	S272,T269	NA	387-436
Q13501	2k0b	SQSTM1	SQSTM1	S272,T269	NA	387-436
Q13501	2knv	SQSTM1	SQSTM1	S272,T269	NA	387-436
Q13586	2k60	STIM1	STIM1	S668	NA	58-201
Q13586	2maj	STIM1	STIM1	S668	NA	312-387
Q13586	2mak	STIM1	STIM1	S668	NA	312-387
Q14005	1i16	IL16	IL16	T757	NA	1203-1332
Q14005	1x6d	IL16	IL16	T757	NA	1103-1208
Q14103	1hd0	HNRNPD	hnRNP D0	T193	NA	98-172
Q14103	1hd1	HNRNPD	hnRNP D0	T193	NA	98-172
Q14103	1iqt	HNRNPD	hnRNP D0	T193	T193	183-257
Q14103	1wtb	HNRNPD	hnRNP D0	T193	T193	181-259
Q14103	1x0f	HNRNPD	hnRNP D0	T193	T193	181-259
Q14191	2axl	WRN	WRN	S1133	NA	949-1092
Q14191	2dgz	WRN	WRN	S1133	NA	1140-1239
Q14203	2coy	DCTN1	dynactin 1	S212	NA	1-99
Q14247	1x69	CTTN	Cortactin	S405	NA	485-550
Q14493	2kjm	SLBP	SLBP	T62	NA	129-158
Q14739	2dig	LBR	LBR	S71	NA	1-55
Q14790	2k7z	CASP8	CASP8	S387	S387	217-479
Q14807	2edu	KIF22	KIF22	S427,T463	NA	570-660
Q14934	2yrp	NFATC4	NFAT3	S259	NA	585-691
Q15554	1vf9	TERF2	TRF2	S365	NA	480-542
Q15554	1vfc	TERF2	TRF2	S365	NA	480-542
Q15554	1xg1	TERF2	TRF2	S365	NA	480-542
Q15717	5szw	ELAVL1	HuR	S202	NA	1-99
Q16513	6gbe	PKN2	PKN2	S535	NA	973-984
Q16665	1l3e	HIF1A	HIF1A	S668	NA	786-826
Q16665	1l8c	HIF1A	HIF1A	S668	NA	776-826
Q53GL7	2dhx	PARP10	PARP10	T101	NA	10-100
Q5TB30	2ysr	DEPDC1	DEPDC1	S110	NA	11-108
Q8IZD2	2lv9	KMT2E	MLL5	T912	NA	109-188
Q8NFH8	1iq3	REPS2	REPS2	S463	NA	265-369
Q8WX93	2dm2	PALLD	palladin	S766,S641	NA	1000-1096
Q8WX93	2dm3	PALLD	palladin	S766,S641	NA	1133-1229
Q92547	1wf6	TOPBP1	TOPBP1	T848	NA	326-444
Q92934	1g5j	BAD	BAD	S91	NA	103-126
Q92993	2eko	KAT5	Tip60	S86,S90	NA	5-78
Q969V6	2kvu	MRTFA	MKL1	T573	NA	336-396
Q969V6	2kw9	MRTFA	MKL1	T573	NA	336-396
Q96RL1	2mkf	UIMC1	RAP80	S677	NA	74-131
Q96RL1	2mkg	UIMC1	RAP80	S677	NA	74-131
Q96RL1	2n9e	UIMC1	RAP80	S677	NA	37-49
Q96RL1	2rr9	UIMC1	RAP80	S677	NA	79-124
Q96T88	2l3r	UHRF1	UHRF1	S639,S661	NA	126-285
Q96T88	2lgg	UHRF1	UHRF1	S639,S661	NA	298-366
Q96T88	2lgk	UHRF1	UHRF1	S639,S661	NA	298-366
Q96T88	2lgl	UHRF1	UHRF1	S639,S661	NA	298-366
Q96T88	5iay	UHRF1	UHRF1	S639,S661	NA	134-285
Q96T88-2	2l3r	UHRF1	UHRF1 iso2	S674	NA	(126-285)
Q96T88-2	2lgg	UHRF1	UHRF1 iso2	S674	NA	(298-366)
Q96T88-2	2lgk	UHRF1	UHRF1 iso2	S674	NA	(298-366)
Q96T88-2	2lgl	UHRF1	UHRF1 iso2	S674	NA	(298-366)
Q96T88-2	5iay	UHRF1	UHRF1 iso2	S674	NA	(134-285)
Q99708	2l4z	RBBP8	CtIP	T847,T315	NA	641-685
Q99728	1jm7	BARD1	BARD1	S288,S251,T299,S148	NA	26-140
Q9BYG3	2aff	NIFK	NIFK	T238	T238	226-269
Q9H211	2le8	CDT1	CDT1	S31,T29	NA	413-440
Q9H3D4	1rg6	TP63	p63	T491	NA	540-614
Q9H3D4	2nb1	TP63	p63	T491	NA	397-455
Q9H3D4	2rmn	TP63	p63	T491	NA	153-388
Q9H3D4	2y9t	TP63	p63	T491	NA	543-622
Q9H3D4	6fgn	TP63	p63	T491	NA	47-73
Q9H9S0	2kt0	NANOG	NANOG	S65,S71	NA	75-157
Q9NP87	2dun	POLM	POLM	S372	NA	24-143
Q9NP87	2htf	POLM	POLM	S372	NA	21-124
Q9NS91	2mre	RAD18	RAD18	S99	NA	198-227
Q9NS91	2mrf	RAD18	RAD18	S99	NA	198-227
Q9NS91	5vf0	RAD18	RAD18	S99	NA	198-240
Q9NYB0	1fex	TERF2IP	TERF2IP	S203	NA	132-190
Q9UBF8	2n73	PI4KB	PIK4CB	S266	NA	1-68
Q9UGP5	1nzp	POLL	POLL	S167,S230,T553,S177	NA	242-327
Q9UGP5	2jw5	POLL	POLL	S167,S230,T553,S177	NA	34-135
Q9UIF9	5agq	BAZ2A	BMZF-2	S509	NA	543-650
Q9UKM9	1wf1	RALY	RALY	S135	NA	1-97
Q9UKX7	2ec1	NUP50	NUP50	S221	NA	350-468
Q9UKY1	2ecb	ZHX1	ZHX1	T568	T568	565-640
Q9UKY1	2ghf	ZHX1	ZHX1	T568	NA	60-153
Q9UKY1	2ly9	ZHX1	ZHX1	T568	NA	462-532
Q9UNZ2	1ss6	NSFL1C	NSFL1C	S140	NA	171-270
Q9UQR0	2mem	SCML2	SCML2	T305,S511,S590	NA	354-468
Q9Y253	2i5o	POLH	POLH	S687	NA	628-662
Q9Y253	2lsk	POLH	POLH	S687	NA	524-539
Q9Y3Z3	2e8o	SAMHD1	SAMHD1	T592	NA	23-118
Q9Y5T5	2i50	USP16	USP16	S552	NA	22-143
Q9Y6I3	1inz	EPN1	epsin 1	S382	NA	1-144
Q9Y6Q9	1kbh	NCOA3	SRC-3	S728,S867	NA	1045-1091
Q9Y6Q9	6es7	NCOA3	SRC-3	S728,S867	NA	1045-1086
