protein,psite,cluster
41,538,Exit_Metaphase
aak1,612,Exit_Metaphase
abcf1,101,Exit_Metaphase
abcf1,43,Exit_Metaphase
acrc,42,Exit_Metaphase
adad1,359,Exit_Metaphase
adnp,614,Exit_Metaphase
afad,1490,Exit_Metaphase
agap3,33,Exit_Metaphase
ahnk,42,Exit_Metaphase
ahnk,136,Exit_Metaphase
akir2,53,Exit_Metaphase
aldoa,270,Exit_Metaphase
anr17,1491,Exit_Metaphase
apc1,314,Exit_Metaphase
arhga,313,Exit_Metaphase
armc9,732,Exit_Metaphase
atrap,144,Exit_Metaphase
atx2,600,Exit_Metaphase
atx2l,259,Exit_Metaphase
atx2l,284,Exit_Metaphase
azi2,264,Exit_Metaphase
baz1a,1322,Exit_Metaphase
baz2a,1201,Exit_Metaphase
birc6,2056,Exit_Metaphase
blnk,298,Exit_Metaphase
bre1a,39,Exit_Metaphase
c124a,151,Exit_Metaphase
ca1ab,821,Exit_Metaphase
caf1b,430,Exit_Metaphase
camlg,60,Exit_Metaphase
cap1,300,Exit_Metaphase
cb044,528,Exit_Metaphase
cc132,954,Exit_Metaphase
ccz1,255,Exit_Metaphase
cdc6,8,Exit_Metaphase
cdca3,329,Exit_Metaphase
ch033,128,Exit_Metaphase
ch033,28,Exit_Metaphase
CH042,38,Exit_Metaphase
CH076,244,Exit_Metaphase
CI072,9,Exit_Metaphase
CL045,79,Exit_Metaphase
clspn,1102,Exit_Metaphase
cndd3,1456,Exit_Metaphase
cndd3,1348,Exit_Metaphase
cndd3,1471,Exit_Metaphase
cntln,1214,Exit_Metaphase
CO039,1171,Exit_Metaphase
cobl1,1050,Exit_Metaphase
cobl1,989,Exit_Metaphase
copd,256,Exit_Metaphase
cpin1,255,Exit_Metaphase
cpsf1,426,Exit_Metaphase
CS021,581,Exit_Metaphase
csdc2,45,Exit_Metaphase
csde1,115,Exit_Metaphase
cstf2,196,Exit_Metaphase
cstf2,162,Exit_Metaphase
ctif,133,Exit_Metaphase
daple,227,Exit_Metaphase
dbnla,265,Exit_Metaphase
dc1l1,446,Exit_Metaphase
dcps,107,Exit_Metaphase
dcr1a,546,Exit_Metaphase
ddi2,188,Exit_Metaphase
ddx21,153,Exit_Metaphase
ddx43,92,Exit_Metaphase
den4c,1371,Exit_Metaphase
dgat1,19,Exit_Metaphase
dhx29,12,Exit_Metaphase
dlgp5,47,Exit_Metaphase
dlgp5,307,Exit_Metaphase
dlgp5,700,Exit_Metaphase
dnjc2,551,Exit_Metaphase
dnli1,329,Exit_Metaphase
dock5,364,Exit_Metaphase
dpoa2,229,Exit_Metaphase
dreb,353,Exit_Metaphase
dreb,325,Exit_Metaphase
dsn1,305,Exit_Metaphase
dus3l,267,Exit_Metaphase
dyhc1,2712,Exit_Metaphase
e41l3,746,Exit_Metaphase
e41l3,419,Exit_Metaphase
eif1a,33,Exit_Metaphase
eif3a,1286,Exit_Metaphase
elys,1895,Exit_Metaphase
emal4,215,Exit_Metaphase
emal4,929,Exit_Metaphase
epg5,1618,Exit_Metaphase
erc6l,1067,Exit_Metaphase
etaa1,673,Exit_Metaphase
exd2,373,Exit_Metaphase
exd2,263,Exit_Metaphase
exoc7,250,Exit_Metaphase
f1142,218,Exit_Metaphase
f1142,310,Exit_Metaphase
f117b,294,Exit_Metaphase
f125a,166,Exit_Metaphase
f168b,6,Exit_Metaphase
f263,551,Exit_Metaphase
fam21,263,Exit_Metaphase
fam21,199,Exit_Metaphase
fos,125,Exit_Metaphase
fubp2,121,Exit_Metaphase
gemi7,46,Exit_Metaphase
gfpt1,243,Exit_Metaphase
gle1,44,Exit_Metaphase
glna,412,Exit_Metaphase
goga3,225,Exit_Metaphase
gptc8,526,Exit_Metaphase
gram3,61,Exit_Metaphase
gram3,30,Exit_Metaphase
gspf,136,Exit_Metaphase
gt253,474,Exit_Metaphase
gys1,645,Exit_Metaphase
hd,110,Exit_Metaphase
hibn,125,Exit_Metaphase
hibn,310,Exit_Metaphase
hic2,321,Exit_Metaphase
hirp3,66,Exit_Metaphase
hnrh1,3,Exit_Metaphase
hnrpm,607,Exit_Metaphase
ical,739,Exit_Metaphase
if4b,560,Exit_Metaphase
if4g1,193,Exit_Metaphase
if4g1,728,Exit_Metaphase
if4g1,334,Exit_Metaphase
if4g1,1213,Exit_Metaphase
ift43,154,Exit_Metaphase
inceb,850,Exit_Metaphase
int1,284,Exit_Metaphase
iqga1,7,Exit_Metaphase
iqga1,16,Exit_Metaphase
itpr2,171,Exit_Metaphase
k0020,642,Exit_Metaphase
k118b,430,Exit_Metaphase
k2c8,503,Exit_Metaphase
k2c8,300,Exit_Metaphase
kcc2b,397,Exit_Metaphase
kcc2b,386,Exit_Metaphase
kdm5b,1382,Exit_Metaphase
kkcc1,119,Exit_Metaphase
klc1,523,Exit_Metaphase
kprb,215,Exit_Metaphase
ks6c1,678,Exit_Metaphase
ktn1,181,Exit_Metaphase
ktn1,200,Exit_Metaphase
larp7,301,Exit_Metaphase
lbh,61,Exit_Metaphase
lima1,439,Exit_Metaphase
limc1,385,Exit_Metaphase
lnp,325,Exit_Metaphase
lrba,1570,Exit_Metaphase
ltv1,318,Exit_Metaphase
lyric,272,Exit_Metaphase
m4k4,586,Exit_Metaphase
m4k4,654,Exit_Metaphase
map7,466,Exit_Metaphase
marcs,152,Exit_Metaphase
marcs,113,Exit_Metaphase
mast2,633,Exit_Metaphase
mbp,109,Exit_Metaphase
mcm3,680,Exit_Metaphase
mcm3,697,Exit_Metaphase
mcm5,548,Exit_Metaphase
mdn1,512,Exit_Metaphase
melk,505,Exit_Metaphase
melk,407,Exit_Metaphase
mier2,204,Exit_Metaphase
mink1,685,Exit_Metaphase
mink1,695,Exit_Metaphase
mll2,750,Exit_Metaphase
mprip,2108,Exit_Metaphase
mthsd,274,Exit_Metaphase
mtm1,578,Exit_Metaphase
mtus1,559,Exit_Metaphase
my18a,1636,Exit_Metaphase
mypt1,543,Exit_Metaphase
naa30,133,Exit_Metaphase
nbp1a,22,Exit_Metaphase
ncoa2,692,Exit_Metaphase
neb1,41,Exit_Metaphase
nelfe,138,Exit_Metaphase
nhej1,261,Exit_Metaphase
nhrf1,38,Exit_Metaphase
nolc1,647,Exit_Metaphase
np1l4,34,Exit_Metaphase
nphp1,656,Exit_Metaphase
nram2,442,Exit_Metaphase
nsf1c,272,Exit_Metaphase
nsf1c,176,Exit_Metaphase
nsma3,254,Exit_Metaphase
ntkl,739,Exit_Metaphase
nu153,642,Exit_Metaphase
nu155,743,Exit_Metaphase
nu205,1731,Exit_Metaphase
nup93,80,Exit_Metaphase
p66a,298,Exit_Metaphase
pace1,419,Exit_Metaphase
padi2,166,Exit_Metaphase
paf,123,Exit_Metaphase
paf15,76,Exit_Metaphase
pak2,148,Exit_Metaphase
par3l,649,Exit_Metaphase
pard3,264,Exit_Metaphase
pb1,1429,Exit_Metaphase
pb1,659,Exit_Metaphase
pcbp2,185,Exit_Metaphase
pcm1,1601,Exit_Metaphase
pcm1,91,Exit_Metaphase
pdli1,90,Exit_Metaphase
pex16,194,Exit_Metaphase
pihd1,172,Exit_Metaphase
plin2,2,Exit_Metaphase
pof1,93,Exit_Metaphase
pof1b,46,Exit_Metaphase
pof1b,263,Exit_Metaphase
pof1b,98,Exit_Metaphase
pp1b,176,Exit_Metaphase
prpf3,117,Exit_Metaphase
psmd4,375,Exit_Metaphase
ptn12,443,Exit_Metaphase
r3hc1,342,Exit_Metaphase
r3hd1,300,Exit_Metaphase
rab4b,193,Exit_Metaphase
rab8b,189,Exit_Metaphase
rabe1,350,Exit_Metaphase
rabe2,201,Exit_Metaphase
raph1,194,Exit_Metaphase
rb3gp,575,Exit_Metaphase
rbgpr,396,Exit_Metaphase
rbm25,674,Exit_Metaphase
rbp2,128,Exit_Metaphase
rc3h1,534,Exit_Metaphase
ren3b,433,Exit_Metaphase
rent1,1280,Exit_Metaphase
rfip5,264,Exit_Metaphase
rfip5,482,Exit_Metaphase
rif1,1362,Exit_Metaphase
rif1,1163,Exit_Metaphase
rif1,1311,Exit_Metaphase
rn214,692,Exit_Metaphase
rnh2b,264,Exit_Metaphase
rrbp1,313,Exit_Metaphase
rs10,118,Exit_Metaphase
rs4,32,Exit_Metaphase
rtn3a,13,Exit_Metaphase
rtn4,9,Exit_Metaphase
ru1c,17,Exit_Metaphase
sall4,687,Exit_Metaphase
sc22b,142,Exit_Metaphase
scafb,938,Exit_Metaphase
sen34,150,Exit_Metaphase
sf3a1,407,Exit_Metaphase
sgip1,357,Exit_Metaphase
shc1,319,Exit_Metaphase
shrm1,169,Exit_Metaphase
shrm1,780,Exit_Metaphase
sin3b,375,Exit_Metaphase
siva,5,Exit_Metaphase
slbp2,69,Exit_Metaphase
sltm,214,Exit_Metaphase
smca5,131,Exit_Metaphase
snf5,131,Exit_Metaphase
snx1,117,Exit_Metaphase
son,546,Exit_Metaphase
sox3a,11,Exit_Metaphase
spag5,660,Exit_Metaphase
spag5,664,Exit_Metaphase
spf30,201,Exit_Metaphase
srpk1,405,Exit_Metaphase
srrm2,350,Exit_Metaphase
srrm2,2092,Exit_Metaphase
srrm2,1902,Exit_Metaphase
ssf1,516,Exit_Metaphase
ssfa2,79,Exit_Metaphase
ssh,638,Exit_Metaphase
stalp,237,Exit_Metaphase
stt3b,22,Exit_Metaphase
supt3,327,Exit_Metaphase
swi5,30,Exit_Metaphase
sytl2,1451,Exit_Metaphase
sytl2,330,Exit_Metaphase
t120a,3,Exit_Metaphase
t22d1,378,Exit_Metaphase
tb22b,103,Exit_Metaphase
tbcd5,548,Exit_Metaphase
tcpe,308,Exit_Metaphase
tcpr2,427,Exit_Metaphase
tdrd1,116,Exit_Metaphase
tdrd6,2114,Exit_Metaphase
tdrkh,53,Exit_Metaphase
tdrkh,296,Exit_Metaphase
tdrkh,505,Exit_Metaphase
tdrkh,539,Exit_Metaphase
tesk2,437,Exit_Metaphase
tf2b,92,Exit_Metaphase
tfg,198,Exit_Metaphase
tho4b,244,Exit_Metaphase
thum2,125,Exit_Metaphase
tif1b,483,Exit_Metaphase
tln1,2539,Exit_Metaphase
tm209,248,Exit_Metaphase
tm55b,167,Exit_Metaphase
top2a,1208,Exit_Metaphase
tpd54,198,Exit_Metaphase
tpr,379,Exit_Metaphase
tpr,2122,Exit_Metaphase
tpx2a,263,Exit_Metaphase
tpx2a,455,Exit_Metaphase
tripc,152,Exit_Metaphase
tsc2,1095,Exit_Metaphase
tsc2,1392,Exit_Metaphase
tsc2,1052,Exit_Metaphase
ttc5,432,Exit_Metaphase
ub10a,339,Exit_Metaphase
ube2o,1178,Exit_Metaphase
ube2o,1200,Exit_Metaphase
ube3a,251,Exit_Metaphase
ube4b,116,Exit_Metaphase
ubn2,918,Exit_Metaphase
ufd1,247,Exit_Metaphase
un13b,351,Exit_Metaphase
un45a,137,Exit_Metaphase
ut14a,38,Exit_Metaphase
vamp3,46,Exit_Metaphase
vasp,246,Exit_Metaphase
vigln,11,Exit_Metaphase
vita2,954,Exit_Metaphase
vita2,964,Exit_Metaphase
vita2,973,Exit_Metaphase
vps36,156,Exit_Metaphase
vps4b,384,Exit_Metaphase
wdr91,361,Exit_Metaphase
wipf2,161,Exit_Metaphase
xiap,356,Exit_Metaphase
xpo4,520,Exit_Metaphase
xrcc4,285,Exit_Metaphase
ybox1,151,Exit_Metaphase
ybx2b,136,Exit_Metaphase
ytdc2,8,Exit_Metaphase
ythd1,2,Exit_Metaphase
zc3ha,224,Exit_Metaphase
zc3hd,1203,Exit_Metaphase
zc3hd,934,Exit_Metaphase
zc3he,155,Exit_Metaphase
zc3he,101,Exit_Metaphase
zf161,359,Exit_Metaphase
zik1,669,Exit_Metaphase
zn217,550,Exit_Metaphase
zn318,435,Exit_Metaphase
zn638,1875,Exit_Metaphase
zn783,114,Exit_Metaphase
zn830,34,Exit_Metaphase
znhi3,59,Exit_Metaphase
zo1,1121,Exit_Metaphase
akts1,269,Exit_Metaphase
alat2,42,Exit_Metaphase
arhgg,568,Exit_Metaphase
bcl9,178,Exit_Metaphase
c43bp,231,Exit_Metaphase
casp6,3,Exit_Metaphase
ccd14,745,Exit_Metaphase
ccd43,132,Exit_Metaphase
ccdc9,526,Exit_Metaphase
cdca2,140,Exit_Metaphase
chd4,1657,Exit_Metaphase
chd4,507,Exit_Metaphase
chd7,2155,Exit_Metaphase
cnd2,84,Exit_Metaphase
copd,253,Exit_Metaphase
csn1,541,Exit_Metaphase
dbnla,317,Exit_Metaphase
dctn1,124,Exit_Metaphase
ddx18,76,Exit_Metaphase
dkc1,419,Exit_Metaphase
eea1,74,Exit_Metaphase
ef1ga,270,Exit_Metaphase
ef2,168,Exit_Metaphase
ei3gb,88,Exit_Metaphase
eif3j,104,Exit_Metaphase
eif3j,108,Exit_Metaphase
emal4,941,Exit_Metaphase
exd2,66,Exit_Metaphase
exoc4,266,Exit_Metaphase
exph5,191,Exit_Metaphase
fasc,94,Exit_Metaphase
gemi5,789,Exit_Metaphase
hap28,18,Exit_Metaphase
hcfc1,1288,Exit_Metaphase
hecd1,1379,Exit_Metaphase
hibn,225,Exit_Metaphase
if23b,160,Exit_Metaphase
if2p,463,Exit_Metaphase
if4g1,345,Exit_Metaphase
if4g2,505,Exit_Metaphase
itpr1,931,Exit_Metaphase
kd3ab,797,Exit_Metaphase
ki67,363,Exit_Metaphase
kif3b,385,Exit_Metaphase
lar1b,538,Exit_Metaphase
lnp,219,Exit_Metaphase
lrc40,62,Exit_Metaphase
md1l1,424,Exit_Metaphase
mink1,543,Exit_Metaphase
mp2k1,23,Exit_Metaphase
mtus1,957,Exit_Metaphase
npm,385,Exit_Metaphase
nu214,1011,Exit_Metaphase
nu214,609,Exit_Metaphase
nup53,269,Exit_Metaphase
p2r3b,122,Exit_Metaphase
parf,516,Exit_Metaphase
parn,169,Exit_Metaphase
pinin,338,Exit_Metaphase
pp1a,316,Exit_Metaphase
pr40a,325,Exit_Metaphase
raph1,192,Exit_Metaphase
rbp2,2025,Exit_Metaphase
rbp2,1134,Exit_Metaphase
rfip1,572,Exit_Metaphase
rfip5,1099,Exit_Metaphase
rnh2a,272,Exit_Metaphase
se1l1,798,Exit_Metaphase
sf3b1,306,Exit_Metaphase
smd2,12,Exit_Metaphase
spast,288,Exit_Metaphase
spf45,71,Exit_Metaphase
spt5h,1031,Exit_Metaphase
sugt1,236,Exit_Metaphase
t214a,36,Exit_Metaphase
tdrd6,1880,Exit_Metaphase
tmm85,3,Exit_Metaphase
ub10a,372,Exit_Metaphase
ube2o,876,Exit_Metaphase
ubn2,687,Exit_Metaphase
ubp5,621,Exit_Metaphase
use1,95,Exit_Metaphase
vta1,262,Exit_Metaphase
wdhd1,881,Exit_Metaphase
wibg,121,Exit_Metaphase
ybx2b,297,Exit_Metaphase
zar1l,65,Exit_Metaphase
zn217,615,Exit_Metaphase
cc138,560,Exit_Metaphase
mk01,190,Exit_Metaphase
abcf1,101,Exit_Metaphase
abcf1,105,Exit_Metaphase
acly,455,Exit_Metaphase
acrc,548,Exit_Metaphase
araf,226,Exit_Metaphase
araf,231,Exit_Metaphase
atx2,654,Exit_Metaphase
casp9,104,Exit_Metaphase
cc132,15,Exit_Metaphase
cdca3,313,Exit_Metaphase
cdca3,62,Exit_Metaphase
cdca3,70,Exit_Metaphase
cnd2,69,Exit_Metaphase
cnd2,75,Exit_Metaphase
cndd3,1301,Exit_Metaphase
copd,256,Exit_Metaphase
csn1,536,Exit_Metaphase
dc1l1,407,Exit_Metaphase
dc1l1,409,Exit_Metaphase
dc1l1,446,Exit_Metaphase
dc1l1,467,Exit_Metaphase
dc1l2,436,Exit_Metaphase
dc1l2,439,Exit_Metaphase
dkc1,519,Exit_Metaphase
dkc1,530,Exit_Metaphase
ell2,302,Exit_Metaphase
emal4,929,Exit_Metaphase
grap1,713,Exit_Metaphase
GTSE1,262,Exit_Metaphase
k0664,12,Exit_Metaphase
ks6a3,366,Exit_Metaphase
ks6a3,372,Exit_Metaphase
lemd1,185,Exit_Metaphase
lnp,177,Exit_Metaphase
m4k4,722,Exit_Metaphase
msh6,29,Exit_Metaphase
msh6,38,Exit_Metaphase
ndrg3,344,Exit_Metaphase
ndrg3,347,Exit_Metaphase
neb1,295,Exit_Metaphase
neb1,306,Exit_Metaphase
nipa,334,Exit_Metaphase
nup98,917,Exit_Metaphase
paf,38,Exit_Metaphase
paf15,90,Exit_Metaphase
paf15,98,Exit_Metaphase
pof1b,61,Exit_Metaphase
rd23b,103,Exit_Metaphase
rfc1,65,Exit_Metaphase
rfc1,71,Exit_Metaphase
rfip5,528,Exit_Metaphase
sen34,150,Exit_Metaphase
srrm2,2321,Exit_Metaphase
srrm2,2325,Exit_Metaphase
tdrkh,49,Exit_Metaphase
tdrkh,536,Exit_Metaphase
tdrkh,539,Exit_Metaphase
ube2o,893,Exit_Metaphase
un13b,362,Exit_Metaphase
xrcc1,156,Exit_Metaphase
xrcc1,161,Exit_Metaphase
acly,465,Exit_Metaphase
acrc,555,Exit_Metaphase
atx2l,449,Exit_Metaphase
atx2l,454,Exit_Metaphase
casp9,102,Exit_Metaphase
csn1,541,Exit_Metaphase
hirp3,41,Exit_Metaphase
k0664,19,Exit_Metaphase
ks6a3,362,Exit_Metaphase
lemd1,189,Exit_Metaphase
map4,368,Exit_Metaphase
map7,367,Exit_Metaphase
marcs,116,Exit_Metaphase
marcs,123,Exit_Metaphase
mk01,188,Exit_Metaphase
nup53,261,Exit_Metaphase
nup98,912,Exit_Metaphase
rbp2,2323,Exit_Metaphase
ube2o,876,Exit_Metaphase
mk01,190,Exit_Metaphase
ash2l,480,Exit_Metaphase
ks6a3,366,Exit_Metaphase
ks6a3,372,Exit_Metaphase
paf,38,Exit_Metaphase
paf,39,Exit_Metaphase
paf,41,Exit_Metaphase
paf,48,Exit_Metaphase
pp14b,6,Exit_Metaphase
pp14b,10,Exit_Metaphase
rd23b,103,Exit_Metaphase
ks6a3,362,Exit_Metaphase
rbp2,2103,Exit_Metaphase
ash2l,481,Exit_Metaphase
ash2l,483,Exit_Metaphase
abi2,210,Oscillating_Mitotic
acrc,548,Oscillating_Mitotic
addg,483,Oscillating_Mitotic
agfg1,181,Oscillating_Mitotic
aim1,1565,Oscillating_Mitotic
ankh1,1967,Oscillating_Mitotic
ankl2,885,Oscillating_Mitotic
ankl2,268,Oscillating_Mitotic
anr17,1830,Oscillating_Mitotic
anr17,1630,Oscillating_Mitotic
apc1,380,Oscillating_Mitotic
apc1,558,Oscillating_Mitotic
arhb,14,Oscillating_Mitotic
ari1a,210,Oscillating_Mitotic
armc9,771,Oscillating_Mitotic
aspc1,302,Oscillating_Mitotic
at2b1,1258,Oscillating_Mitotic
atad5,38,Oscillating_Mitotic
atrx,2672,Oscillating_Mitotic
atx2l,251,Oscillating_Mitotic
camp1,218,Oscillating_Mitotic
CB055,821,Oscillating_Mitotic
cc155,184,Oscillating_Mitotic
cdc27,399,Oscillating_Mitotic
cdc27,470,Oscillating_Mitotic
cdc6,411,Oscillating_Mitotic
cdca3,29,Oscillating_Mitotic
cdca3,44,Oscillating_Mitotic
cdt1,147,Oscillating_Mitotic
chfr,198,Oscillating_Mitotic
chsp1,47,Oscillating_Mitotic
com1,328,Oscillating_Mitotic
com1,409,Oscillating_Mitotic
CS021,513,Oscillating_Mitotic
cstf2,507,Oscillating_Mitotic
cytsb,775,Oscillating_Mitotic
dc1l2,439,Oscillating_Mitotic
dctn6,15,Oscillating_Mitotic
ddx3,634,Oscillating_Mitotic
dgcr8,97,Oscillating_Mitotic
dnjc2,45,Oscillating_Mitotic
dock7,1388,Oscillating_Mitotic
dons,39,Oscillating_Mitotic
ect2,862,Oscillating_Mitotic
ect2,15,Oscillating_Mitotic
elv1a,214,Oscillating_Mitotic
elys,1313,Oscillating_Mitotic
elys,1146,Oscillating_Mitotic
emal1,141,Oscillating_Mitotic
ep300,12,Oscillating_Mitotic
epa2a,57,Oscillating_Mitotic
erc6l,1294,Oscillating_Mitotic
esco2,39,Oscillating_Mitotic
fbp1l,443,Oscillating_Mitotic
flip1,1111,Oscillating_Mitotic
fnbp4,808,Oscillating_Mitotic
foxk2,374,Oscillating_Mitotic
fubp2,204,Oscillating_Mitotic
g3bp2,289,Oscillating_Mitotic
geph,412,Oscillating_Mitotic
gipc1,234,Oscillating_Mitotic
gle1,56,Oscillating_Mitotic
gpbl1,276,Oscillating_Mitotic
GTSE1,719,Oscillating_Mitotic
GTSE1,200,Oscillating_Mitotic
GTSE1,282,Oscillating_Mitotic
gwl,678,Oscillating_Mitotic
heat6,393,Oscillating_Mitotic
hmgx4,98,Oscillating_Mitotic
hnrpk,257,Oscillating_Mitotic
home2,6,Oscillating_Mitotic
huwe1,2747,Oscillating_Mitotic
if4g2,400,Oscillating_Mitotic
ima4,60,Oscillating_Mitotic
inceb,145,Oscillating_Mitotic
inceb,374,Oscillating_Mitotic
ipp,265,Oscillating_Mitotic
kazrn,438,Oscillating_Mitotic
kd3ab,482,Oscillating_Mitotic
kdm3b,643,Oscillating_Mitotic
kif4,510,Oscillating_Mitotic
klc4,644,Oscillating_Mitotic
lemd1,185,Oscillating_Mitotic
lemd1,218,Oscillating_Mitotic
lnp,188,Oscillating_Mitotic
lpp,201,Oscillating_Mitotic
lyric,583,Oscillating_Mitotic
m4k4,722,Oscillating_Mitotic
magi1,592,Oscillating_Mitotic
map7,386,Oscillating_Mitotic
marcs,140,Oscillating_Mitotic
mcm10,173,Oscillating_Mitotic
mcm10,596,Oscillating_Mitotic
mcm4,120,Oscillating_Mitotic
mdc1,1892,Oscillating_Mitotic
melk,517,Oscillating_Mitotic
mta2,435,Oscillating_Mitotic
neb1,288,Oscillating_Mitotic
nf2ip,291,Oscillating_Mitotic
nipa,324,Oscillating_Mitotic
nipa,339,Oscillating_Mitotic
np1l4,36,Oscillating_Mitotic
npat,730,Oscillating_Mitotic
nu133,37,Oscillating_Mitotic
nu133,43,Oscillating_Mitotic
nu153,222,Oscillating_Mitotic
nup50,79,Oscillating_Mitotic
nup53,123,Oscillating_Mitotic
nup98,1047,Oscillating_Mitotic
nup98,1049,Oscillating_Mitotic
osb11,22,Oscillating_Mitotic
p121c,466,Oscillating_Mitotic
p66a,217,Oscillating_Mitotic
p66a,512,Oscillating_Mitotic
pacs1,370,Oscillating_Mitotic
paf,82,Oscillating_Mitotic
pcm1,499,Oscillating_Mitotic
pcm1,724,Oscillating_Mitotic
pcnt,2481,Oscillating_Mitotic
pdli5,111,Oscillating_Mitotic
phr4b,599,Oscillating_Mitotic
pica,358,Oscillating_Mitotic
pkcb1,465,Oscillating_Mitotic
plk1,340,Oscillating_Mitotic
pp14b,15,Oscillating_Mitotic
pp4r3,852,Oscillating_Mitotic
pphln,135,Oscillating_Mitotic
prc2b,400,Oscillating_Mitotic
prcc,462,Oscillating_Mitotic
rab3i,200,Oscillating_Mitotic
rabek,170,Oscillating_Mitotic
rbm14,281,Oscillating_Mitotic
ren3b,484,Oscillating_Mitotic
rif1,886,Oscillating_Mitotic
rif1,1782,Oscillating_Mitotic
rnf34,326,Oscillating_Mitotic
rnf4,117,Oscillating_Mitotic
rnh2b,313,Oscillating_Mitotic
set8b,51,Oscillating_Mitotic
slbp2,84,Oscillating_Mitotic
smc4,19,Oscillating_Mitotic
spag5,225,Oscillating_Mitotic
srrm2,1935,Oscillating_Mitotic
srs11,180,Oscillating_Mitotic
ssbp3,351,Oscillating_Mitotic
t194a,358,Oscillating_Mitotic
tacc3,234,Oscillating_Mitotic
tacc3,638,Oscillating_Mitotic
tbc13,184,Oscillating_Mitotic
tcf20,391,Oscillating_Mitotic
tcf20,1178,Oscillating_Mitotic
tcf20,638,Oscillating_Mitotic
tdrkh,582,Oscillating_Mitotic
tfp11,206,Oscillating_Mitotic
tnik,780,Oscillating_Mitotic
tob1a,892,Oscillating_Mitotic
tpr,2042,Oscillating_Mitotic
tri36,80,Oscillating_Mitotic
ttk,844,Oscillating_Mitotic
un13b,362,Oscillating_Mitotic
wdr33,1530,Oscillating_Mitotic
wdr33,1518,Oscillating_Mitotic
wdr70,64,Oscillating_Mitotic
wee2a,38,Oscillating_Mitotic
xpo5,1182,Oscillating_Mitotic
xrn1,1211,Oscillating_Mitotic
zar1l,124,Oscillating_Mitotic
zmym3,114,Oscillating_Mitotic
zo10,43,Oscillating_Mitotic
zo3,140,Oscillating_Mitotic
aak1,568,Oscillating_Mitotic
acly,465,Oscillating_Mitotic
acrc,555,Oscillating_Mitotic
adm1a,242,Oscillating_Mitotic
aptx,132,Oscillating_Mitotic
bcl9,279,Oscillating_Mitotic
caf1b,464,Oscillating_Mitotic
caf1b,438,Oscillating_Mitotic
clip1,285,Oscillating_Mitotic
dkc1,463,Oscillating_Mitotic
dpoa2,203,Oscillating_Mitotic
dpola,163,Oscillating_Mitotic
eif3a,888,Oscillating_Mitotic
eif3a,1188,Oscillating_Mitotic
ell2,432,Oscillating_Mitotic
elys,2076,Oscillating_Mitotic
if4b,443,Oscillating_Mitotic
lap2b,407,Oscillating_Mitotic
lima1,247,Oscillating_Mitotic
lin54,275,Oscillating_Mitotic
mcm4,94,Oscillating_Mitotic
mcm6,798,Oscillating_Mitotic
melk,449,Oscillating_Mitotic
missl,16,Oscillating_Mitotic
msh6,307,Oscillating_Mitotic
mta1,548,Oscillating_Mitotic
mtus1,453,Oscillating_Mitotic
np1l4,38,Oscillating_Mitotic
nsd2,364,Oscillating_Mitotic
nsrp1,204,Oscillating_Mitotic
nu153,349,Oscillating_Mitotic
prc2c,1996,Oscillating_Mitotic
rfa1,167,Oscillating_Mitotic
rif1,690,Oscillating_Mitotic
sf3b1,357,Oscillating_Mitotic
smca4,1375,Oscillating_Mitotic
t2fa,453,Oscillating_Mitotic
tdif2,328,Oscillating_Mitotic
topk,9,Oscillating_Mitotic
tpr,636,Oscillating_Mitotic
tsc2,1355,Oscillating_Mitotic
ubn2,1135,Oscillating_Mitotic
vrk3,172,Oscillating_Mitotic
zn462,388,Oscillating_Mitotic
at2b1,1266,Oscillating_Mitotic
atx2l,447,Oscillating_Mitotic
cq028,649,Oscillating_Mitotic
elys,1299,Oscillating_Mitotic
erc6l,901,Oscillating_Mitotic
erc6l,912,Oscillating_Mitotic
ki67,1459,Oscillating_Mitotic
l14aa,218,Oscillating_Mitotic
l14aa,228,Oscillating_Mitotic
map4,787,Oscillating_Mitotic
mcm4,31,Oscillating_Mitotic
pcm1,63,Oscillating_Mitotic
pcm1,994,Oscillating_Mitotic
pcm1,1002,Oscillating_Mitotic
rbp2,2635,Oscillating_Mitotic
rbp2,2636,Oscillating_Mitotic
atx2l,379,Oscillating_Mitotic
map4,752,Oscillating_Mitotic
map4,756,Oscillating_Mitotic
mcm4,23,Oscillating_Mitotic
tr61b,49,Oscillating_Mitotic
geph,235,Oscillating_Mitotic
hnhr1,75,Exit_Metaphase
kcc2b,398,Exit_Metaphase
zar1l,70,Exit_Metaphase
phr4b,478,Oscillating_Mitotic
